{"cameraMode":{"drawMode":0,"name":"Shaded","section":"Shading Mode"},"sceneLighting":true,"audioPlay":false,"sceneViewState":{"showFog":false,"showMaterialUpdate":false,"showSkybox":false,"showFlares":false,"showImageEffects":false,"showParticleSystems":false},"in2DMode":false,"pivot":{"x":823.3251953125,"y":1057.3477783203125,"z":-1011.6659545898438},"rotation":{"x":-0.47682344913482668,"y":-0.2616039216518402,"z":0.15113018453121186,"w":-0.8254916667938232},"size":396.0706481933594,"orthographic":false}