{"cameraMode":{"drawMode":0,"name":"Shaded","section":"Shading Mode"},"sceneLighting":true,"audioPlay":false,"sceneViewState":{"showFog":false,"showMaterialUpdate":false,"showSkybox":false,"showFlares":false,"showImageEffects":false,"showParticleSystems":false},"in2DMode":false,"pivot":{"x":957.8768310546875,"y":626.450927734375,"z":-670.7240600585938},"rotation":{"x":-0.29819533228874209,"y":-0.10794898867607117,"z":0.03396670147776604,"w":-0.9478171467781067},"size":1277.902099609375,"orthographic":false}