{"cameraMode":{"drawMode":0,"name":"Shaded","section":"Shading Mode"},"sceneLighting":true,"audioPlay":false,"sceneViewState":{"showFog":false,"showMaterialUpdate":false,"showSkybox":false,"showFlares":false,"showImageEffects":false,"showParticleSystems":false},"in2DMode":false,"pivot":{"x":714.2250366210938,"y":759.4678955078125,"z":-689.2890625},"rotation":{"x":-0.29819533228874209,"y":-0.10794898867607117,"z":0.03396670147776604,"w":-0.9478171467781067},"size":216.47149658203126,"orthographic":false}