{"cameraMode":{"drawMode":0,"name":"Shaded","section":"Shading Mode"},"sceneLighting":true,"audioPlay":false,"sceneViewState":{"showFog":false,"showMaterialUpdate":false,"showSkybox":false,"showFlares":false,"showImageEffects":false,"showParticleSystems":false},"in2DMode":false,"pivot":{"x":614.4618530273438,"y":616.3199462890625,"z":-484.7808837890625},"rotation":{"x":-0.10146842151880264,"y":0.1137533113360405,"z":-0.011650007218122483,"w":-0.9882811307907105},"size":328.6075439453125,"orthographic":false}